scene,frame,p_max,label
all,1,2.420283,0
all,2,2.540970,0
all,3,2.850765,0
all,4,2.911298,0
all,5,2.748703,0
all,6,2.086571,0
all,7,2.446926,0
all,8,2.586590,0
all,9,2.489424,0
all,10,2.827969,0
all,11,2.525011,0
all,12,2.905597,0
all,13,3.033303,0
all,14,3.345597,0
all,15,3.102355,0
all,16,2.806660,0
all,17,2.321494,0
all,18,2.713086,0
all,19,2.893137,0
all,20,2.673447,0
all,21,2.893466,0
all,22,2.749977,0
all,23,2.501838,0
all,24,2.429224,0
all,25,2.342589,0
all,26,2.638557,0
all,27,2.395980,0
all,28,3.015864,0
all,29,2.929458,0
all,30,2.600109,0
all,31,2.508208,0
all,32,2.340305,0
all,33,2.811158,0
all,34,2.345036,0
all,35,2.238214,0
all,36,2.247688,0
all,37,2.553094,0
all,38,2.772942,0
all,39,2.803024,0
all,40,2.619397,0
all,41,3.125629,0
all,42,2.967085,0
all,43,2.885525,0
all,44,2.620299,0
all,45,2.997137,0
all,46,2.273978,0
all,47,2.616415,0
all,48,2.368389,0
all,49,2.958784,0
all,50,2.630767,0
all,51,2.485595,0
all,52,2.609325,0
all,53,2.032713,0
all,54,2.123635,0
all,55,2.587782,0
all,56,2.333621,0
all,57,2.303238,0
all,58,2.461064,0
all,59,2.244160,0
all,60,2.350245,0
all,61,2.612090,0
all,62,3.371528,0
all,63,2.620929,0
all,64,2.824001,0
all,65,2.517480,0
all,66,2.483616,0
all,67,2.439064,0
all,68,2.445778,0
all,69,2.836272,0
all,70,2.446804,0
all,71,2.577509,0
all,72,2.797643,0
all,73,2.337625,0
all,74,2.335675,0
all,75,2.421851,0
all,76,2.805763,0
all,77,2.270724,0
all,78,2.684555,0
all,79,2.558088,0
all,80,2.608628,0
all,81,2.152789,0
all,82,2.252889,0
all,83,2.402454,0
all,84,2.391828,0
all,85,2.167890,0
all,86,2.444861,0
all,87,3.083420,0
all,88,2.310507,0
all,89,2.494131,0
all,90,2.457655,0
all,91,2.188988,0
all,92,2.630361,0
all,93,2.473955,0
all,94,2.480021,0
all,95,2.297305,0
all,96,2.098132,0
all,97,2.653924,0
all,98,2.527055,0
all,99,2.385428,0
all,100,2.915940,0
all,101,2.276429,0
all,102,2.191859,0
all,103,3.155748,0
all,104,2.342246,0
all,105,2.705359,0
all,106,2.546773,0
all,107,2.725899,0
all,108,2.265070,0
all,109,2.217519,0
all,110,2.849099,0
all,111,2.606732,0
all,112,2.915360,0
all,113,2.947036,0
all,114,2.466492,0
all,115,2.913050,0
all,116,2.471966,0
all,117,2.765559,0
all,118,3.193143,0
all,119,2.915539,0
all,120,2.255476,0
all,121,2.745332,0
all,122,2.653991,0
all,123,2.426824,0
all,124,2.400285,0
all,125,2.327450,0
all,126,2.624721,0
all,127,3.122131,0
all,128,2.795293,0
all,129,2.656590,0
all,130,2.828884,0
all,131,3.043760,0
all,132,3.150399,0
all,133,3.306146,0
all,134,3.131360,0
all,135,3.157490,0
all,136,3.520196,0
all,137,3.081481,0
all,138,3.036305,0
all,139,2.386011,0
all,140,3.305612,0
all,141,2.889253,0
all,142,2.683475,0
all,143,2.186001,0
all,144,3.102162,0
all,145,2.748440,0
all,146,2.920048,0
all,147,3.003363,0
all,148,2.360958,0
all,149,2.253012,0
all,150,2.321334,0
all,151,2.236826,0
all,152,2.138894,0
all,153,2.915653,0
all,154,2.663247,0
all,155,2.323476,0
all,156,2.370267,0
all,157,2.349670,0
all,158,2.571609,0
all,159,2.274513,0
all,160,2.064482,0
all,161,2.121818,0
all,162,2.516442,0
all,163,2.224689,0
all,164,2.738691,0
all,165,2.755532,0
all,166,2.526335,0
all,167,2.356734,0
all,168,2.528708,0
all,169,2.379341,0
all,170,2.483501,0
all,171,2.794746,0
all,172,2.388357,0
all,173,2.888968,0
all,174,2.413389,0
all,175,2.569944,0
all,176,2.192044,0
all,177,2.005493,0
all,178,2.675685,0
all,179,2.214348,0
all,180,2.356365,0
all,181,2.331392,0
all,182,2.359897,0
all,183,2.124621,0
all,184,2.132081,0
all,185,2.628892,0
all,186,2.527540,0
all,187,2.164062,0
all,188,2.449236,0
all,189,2.726202,0
all,190,2.214395,0
all,191,2.209414,0
all,192,2.559263,0
all,193,2.491991,0
all,194,2.559386,0
all,195,2.144707,0
all,196,2.836850,0
all,197,2.587003,0
all,198,2.299420,0
all,199,2.312442,0
all,200,2.516539,0
all,201,2.526609,0
all,202,2.199595,0
all,203,2.690118,0
all,204,2.338288,0
all,205,2.629218,0
all,206,2.983851,0
all,207,2.784509,0
all,208,3.378642,0
all,209,2.662304,0
all,210,2.467182,0
all,211,2.431067,0
all,212,2.509950,0
all,213,2.314558,0
all,214,2.331123,0
all,215,2.165680,0
all,216,2.490820,0
all,217,2.438762,0
all,218,2.390064,0
all,219,2.296809,0
all,220,2.240320,0
all,221,2.225793,0
all,222,2.310082,0
all,223,2.680854,0
all,224,2.398943,0
all,225,2.632491,0
all,226,2.243279,0
all,227,2.335186,0
all,228,2.316329,0
all,229,2.765931,0
all,230,2.190400,0
all,231,2.472958,0
all,232,2.655090,0
all,233,2.234383,0
all,234,2.692872,0
all,235,2.312292,0
all,236,2.313568,0
all,237,2.089688,0
all,238,2.526756,0
all,239,2.382934,0
all,240,2.547397,0
all,241,2.672592,0
all,242,2.685390,0
all,243,2.194882,0
all,244,2.967284,0
all,245,2.298838,0
all,246,2.580154,0
all,247,2.944156,0
all,248,2.954535,0
all,249,2.551748,0
all,250,2.679558,0
all,251,2.812607,0
all,252,2.452269,0
all,253,2.521603,0
all,254,2.154846,0
all,255,2.076127,0
all,256,2.235091,0
all,257,2.194131,0
all,258,2.079979,0
all,259,2.450356,0
all,260,2.562971,0
all,261,2.247430,0
all,262,2.369569,0
all,263,2.050847,0
all,264,2.092519,0
all,265,2.100835,0
all,266,2.086053,0
all,267,2.071812,0
all,268,2.606069,0
all,269,2.164765,0
all,270,2.565750,0
all,271,2.296349,0
all,272,2.224033,0
all,273,2.306629,0
all,274,2.622401,0
all,275,2.371667,0
all,276,2.736259,0
all,277,2.279361,0
all,278,2.287774,0
all,279,2.644773,0
all,280,2.371856,0
all,281,2.456271,0
all,282,2.872651,0
all,283,2.797279,0
all,284,3.229879,0
all,285,2.752229,0
all,286,2.264880,0
all,287,2.686328,0
all,288,2.514115,0
all,289,2.536927,0
all,290,2.452879,0
all,291,2.688011,0
all,292,2.684353,0
all,293,2.553530,0
all,294,2.218152,0
all,295,2.156668,0
all,296,2.203041,0
all,297,2.289741,0
all,298,2.094450,0
all,299,2.633762,0
all,300,2.271729,0
all,301,2.493848,0
all,302,2.242026,0
all,303,2.616092,0
all,304,2.553052,0
all,305,2.759248,0
all,306,2.468440,0
all,307,2.374463,0
all,308,2.577231,0
all,309,2.458279,0
all,310,2.844955,0
all,311,2.507054,0
all,312,2.592432,0
all,313,2.253333,0
all,314,2.842194,0
all,315,2.450445,0
all,316,2.522088,0
all,317,2.310722,0
all,318,2.667079,0
all,319,2.272041,0
all,320,2.265169,0
all,321,2.202731,0
all,322,2.310252,0
all,323,2.514797,0
all,324,2.595712,0
all,325,2.637028,0
all,326,2.821941,0
all,327,2.116791,0
all,328,2.176685,0
all,329,2.359119,0
all,330,2.308332,0
all,331,2.400133,0
all,332,2.709711,0
all,333,2.492970,0
all,334,2.555741,0
all,335,2.457178,0
all,336,2.647422,0
all,337,2.602109,0
all,338,2.557937,0
all,339,2.493183,0
all,340,2.537641,0
all,341,2.408904,0
all,342,2.202366,0
all,343,2.344557,0
all,344,2.769713,0
all,345,2.574697,0
all,346,2.462819,0
all,347,2.580314,0
all,348,2.767836,0
all,349,2.372774,0
all,350,2.476338,0
all,351,2.998151,0
all,352,3.127940,0
all,353,2.670441,0
all,354,2.839318,0
all,355,3.545593,0
all,356,2.408499,0
all,357,2.591072,0
all,358,2.702910,0
all,359,2.639920,0
all,360,2.712449,0
all,361,2.527929,0
all,362,3.046204,0
all,363,2.908410,0
all,364,2.860430,0
all,365,2.816605,0
all,366,3.097309,0
all,367,2.477423,0
all,368,2.783742,0
all,369,2.825264,0
all,370,3.129831,0
all,371,3.174174,0
all,372,2.283841,0
all,373,2.611984,0
all,374,3.061322,0
all,375,2.952942,0
all,376,2.789020,0
all,377,2.968844,0
all,378,3.332829,0
all,379,3.060618,0
all,380,3.129210,0
all,381,2.550363,0
all,382,2.813128,0
all,383,2.767210,0
all,384,2.645977,0
all,385,3.133114,0
all,386,2.457982,0
all,387,2.981534,0
all,388,2.684246,0
all,389,2.520899,0
all,390,2.605069,0
all,391,2.576499,0
all,392,2.667936,0
all,393,2.740747,0
all,394,2.652505,0
all,395,2.729128,0
all,396,2.750966,0
all,397,2.469077,0
all,398,2.815054,0
all,399,2.412591,0
all,400,2.368440,0
all,401,2.679081,0
all,402,3.142568,0
all,403,2.849397,0
all,404,2.811795,0
all,405,2.523799,0
all,406,2.632352,0
all,407,2.576423,0
all,408,2.846810,0
all,409,2.600792,0
all,410,2.477396,0
all,411,2.557237,0
all,412,2.738218,0
all,413,2.503456,0
all,414,2.671276,0
all,415,2.676916,0
all,416,2.734622,0
all,417,2.920912,0
all,418,3.024389,0
all,419,2.710474,0
all,420,2.657902,0
all,421,2.479058,0
all,422,2.894584,0
all,423,3.087695,0
all,424,2.636795,0
all,425,3.202071,0
all,426,2.969428,0
all,427,2.793876,0
all,428,2.788301,0
all,429,2.694906,0
all,430,2.736522,0
all,431,2.864341,0
all,432,2.958964,0
all,433,2.834849,0
all,434,2.754753,0
all,435,2.924759,0
all,436,2.780982,0
all,437,2.592211,0
all,438,2.649329,0
all,439,2.458973,0
all,440,2.274126,0
all,441,2.753368,0
all,442,2.503932,0
all,443,2.918481,0
all,444,2.890464,0
all,445,2.716718,0
all,446,2.878319,0
all,447,3.508675,0
all,448,3.217569,0
all,449,2.858646,0
all,450,2.691021,0
all,451,2.993112,0
all,452,2.916694,0
all,453,3.113757,0
all,454,2.983705,0
all,455,3.276016,0
all,456,3.245983,0
all,457,2.941223,0
all,458,2.953146,0
all,459,3.037075,0
all,460,3.497989,0
all,461,3.107134,0
all,462,3.437366,0
all,463,2.901321,0
all,464,3.065259,0
all,465,2.930030,0
all,466,2.711473,0
all,467,2.752884,0
all,468,2.451752,0
all,469,2.473771,0
all,470,2.973742,0
all,471,2.663869,0
all,472,2.693528,0
all,473,2.590001,0
all,474,2.846212,0
all,475,2.376894,0
all,476,2.463609,0
all,477,2.746308,0
all,478,2.759570,0
all,479,2.510550,0
all,480,2.648172,1
all,481,2.623425,1
all,482,2.421334,1
all,483,2.749928,1
all,484,2.667720,1
all,485,2.835819,1
all,486,2.642086,1
all,487,2.903897,1
all,488,2.716218,1
all,489,2.768590,1
all,490,2.839435,1
all,491,2.630442,1
all,492,2.232090,1
all,493,2.202440,1
all,494,2.240657,1
all,495,2.222638,1
all,496,2.649373,1
all,497,2.549251,1
all,498,2.298230,1
all,499,2.971838,1
all,500,2.808541,1
all,501,2.758302,1
all,502,2.258498,1
all,503,2.702426,1
all,504,2.396187,1
all,505,2.890559,1
all,506,2.288094,1
all,507,2.286258,1
all,508,2.508393,1
all,509,2.430175,1
all,510,2.476124,1
all,511,2.609733,1
all,512,2.723496,1
all,513,2.270683,1
all,514,2.640455,1
all,515,2.836651,1
all,516,2.887958,1
all,517,2.725026,1
all,518,2.336822,1
all,519,2.719105,1
all,520,2.757681,1
all,521,2.806700,1
all,522,2.385118,1
all,523,2.608778,1
all,524,2.709019,1
all,525,2.492766,1
all,526,2.515456,1
all,527,2.516840,1
all,528,2.517568,1
all,529,2.279301,1
all,530,2.972822,1
all,531,2.485296,1
all,532,2.013902,1
all,533,2.749604,1
all,534,2.612020,1
all,535,2.185720,1
all,536,2.978132,1
all,537,2.645493,1
all,538,2.581248,1
all,539,2.370185,1
all,540,2.149418,1
all,541,2.241451,1
all,542,2.936618,1
all,543,2.931623,1
all,544,2.708785,1
all,545,2.063784,1
all,546,2.468273,1
all,547,2.031285,1
all,548,2.361421,1
all,549,2.709126,1
all,550,3.032676,1
all,551,2.130189,1
all,552,2.453754,1
all,553,2.315167,1
all,554,2.395013,1
all,555,2.571548,1
all,556,2.666416,1
all,557,2.711341,1
all,558,3.046684,1
all,559,2.500036,1
all,560,2.644603,1
all,561,2.952802,1
all,562,3.122965,1
all,563,3.135034,1
all,564,3.457745,1
all,565,2.844419,1
all,566,2.675751,1
all,567,3.439136,1
all,568,3.157726,1
all,569,3.060254,1
all,570,3.168467,0
all,571,2.619456,0
all,572,3.002426,0
all,573,3.084487,0
all,574,2.641176,0
all,575,3.045459,0
all,576,2.041950,0
all,577,3.019250,0
all,578,3.005856,0
all,579,3.028415,0
all,580,2.922347,0
all,581,2.331754,0
all,582,2.112499,0
all,583,2.500675,0
all,584,3.001603,0
all,585,2.495689,0
all,586,2.537489,0
all,587,2.233942,0
all,588,2.250894,0
all,589,3.406802,0
all,590,2.460915,0
all,591,2.905156,0
all,592,2.795131,0
all,593,3.181879,0
all,594,2.529457,0
all,595,3.564648,0
all,596,3.037066,0
all,597,3.093605,0
all,598,2.206495,0
all,599,2.124575,0
all,600,2.895788,0
all,601,2.527893,0
all,602,2.824337,0
all,603,3.004002,0
all,604,2.317937,0
all,605,2.079811,0
all,606,2.135721,0
all,607,3.011913,0
all,608,2.185294,0
all,609,2.758486,0
all,610,2.301774,0
all,611,3.044577,0
all,612,3.185309,0
all,613,0.000000,0
all,614,0.000000,0
all,615,0.000000,0
all,616,0.000000,0
all,617,0.000000,0
all,618,0.000000,0
all,619,0.000000,0
all,620,0.000000,0
all,621,0.000000,0
all,622,0.000000,0
all,623,0.000000,0
all,624,0.000000,0
all,625,2.274722,0
all,626,2.239030,0
all,627,2.789858,0
all,628,3.519053,0
all,629,2.227775,0
all,630,2.422336,0
all,631,3.118136,0
all,632,2.682072,0
all,633,2.829134,0
all,634,2.616176,0
all,635,2.702902,0
all,636,2.795879,0
all,637,3.389146,0
all,638,3.315458,0
all,639,3.072409,0
all,640,2.616446,0
all,641,2.651595,0
all,642,3.049019,0
all,643,3.150333,0
all,644,3.036962,0
all,645,3.049117,0
all,646,3.155265,0
all,647,3.095922,0
all,648,2.899895,0
all,649,2.813057,0
all,650,2.694774,0
all,651,2.297769,0
all,652,2.321254,0
all,653,2.666618,0
all,654,3.070988,0
all,655,2.677275,0
all,656,2.875781,0
all,657,2.681776,0
all,658,2.779427,0
all,659,2.815784,0
all,660,2.866358,0
all,661,2.367248,0
all,662,2.802155,0
all,663,2.575291,0
all,664,2.386082,0
all,665,2.568819,0
all,666,2.400035,0
all,667,2.396575,0
all,668,2.929963,0
all,669,3.229032,0
all,670,3.177575,0
all,671,2.878851,0
all,672,2.615367,0
all,673,2.962046,0
all,674,2.555138,0
all,675,2.552573,0
all,676,2.894045,0
all,677,3.148320,0
all,678,2.990960,0
all,679,2.499122,0
all,680,3.056288,0
all,681,2.694739,0
all,682,2.678898,0
all,683,2.581280,0
all,684,3.059030,0
all,685,2.407783,0
all,686,2.571790,0
all,687,2.107915,0
all,688,2.489594,0
all,689,2.819079,0
all,690,2.331696,0
all,691,2.434833,0
all,692,2.760652,0
all,693,2.419282,0
all,694,2.597406,0
all,695,2.461794,0
all,696,2.552258,0
all,697,2.489314,0
all,698,2.941492,0
all,699,2.579884,0
all,700,2.664338,0
all,701,2.754580,0
all,702,2.342229,0
all,703,2.341331,0
all,704,2.106178,0
all,705,2.394931,0
all,706,2.446254,0
all,707,2.739426,0
all,708,2.061371,0
all,709,2.106536,0
all,710,2.343418,0
all,711,2.370370,0
all,712,2.552059,0
all,713,2.620840,0
all,714,2.308927,0
all,715,2.730542,0
all,716,2.352352,0
all,717,2.327961,0
all,718,2.577349,0
all,719,2.115265,0
all,720,2.203236,0
all,721,2.141096,0
all,722,2.553420,0
all,723,2.688155,0
all,724,3.019718,0
all,725,2.563361,0
all,726,2.536678,0
all,727,2.209271,0
all,728,2.719495,0
all,729,2.259732,0
all,730,2.614033,0
all,731,2.500204,0
all,732,2.775488,0
all,733,2.515988,0
all,734,2.327658,0
all,735,2.358985,0
all,736,2.492067,0
all,737,2.427635,0
all,738,2.232979,0
all,739,2.376073,0
all,740,2.488989,0
all,741,2.748559,0
all,742,2.589888,0
all,743,2.803596,0
all,744,3.468199,0
all,745,3.049269,0
all,746,2.722148,0
all,747,2.912797,0
all,748,2.823534,0
all,749,2.903213,0
all,750,3.150395,0
all,751,2.906392,0
all,752,3.200341,0
all,753,2.918679,0
all,754,3.161866,0
all,755,2.742383,0
all,756,2.685132,0
all,757,2.853518,0
all,758,2.479789,0
all,759,2.225013,0
all,760,2.197570,0
all,761,2.583627,0
all,762,2.293820,0
all,763,2.670166,0
all,764,2.253511,0
all,765,2.539386,0
all,766,2.887512,0
all,767,2.470917,0
all,768,2.634737,0
all,769,2.445491,0
all,770,2.452135,0
all,771,2.493747,0
all,772,2.797539,0
all,773,2.406633,0
all,774,2.621377,0
all,775,2.370415,0
all,776,2.505256,0
all,777,2.629717,0
all,778,2.438015,0
all,779,2.487908,0
all,780,2.783688,0
all,781,2.357039,0
all,782,2.661083,0
all,783,2.691120,0
all,784,2.769368,0
all,785,2.430093,0
all,786,2.480632,0
all,787,2.466646,0
all,788,2.720524,0
all,789,2.958351,0
all,790,3.053149,0
all,791,2.608281,0
all,792,2.282294,0
all,793,2.211048,0
all,794,2.380936,0
all,795,2.531193,0
all,796,2.215650,0
all,797,2.725792,0
all,798,2.718937,0
all,799,3.409532,0
all,800,2.710663,0
all,801,2.291610,0
all,802,2.505607,0
all,803,2.396885,0
all,804,2.650539,0
all,805,2.275128,0
all,806,2.558590,0
all,807,2.327268,0
all,808,2.355069,0
all,809,2.519420,0
all,810,2.585073,0
all,811,2.898549,0
all,812,2.964648,0
all,813,2.945894,0
all,814,2.332726,0
all,815,2.100692,0
all,816,2.524098,0
all,817,2.128812,0
all,818,2.294698,0
all,819,2.271642,0
all,820,2.712953,0
all,821,2.325555,0
all,822,2.698779,0
all,823,2.245596,0
all,824,2.311529,0
all,825,2.667560,0
all,826,2.076098,0
all,827,2.384422,0
all,828,2.458769,0
all,829,2.606367,0
all,830,2.737022,0
all,831,2.687834,0
all,832,2.599169,0
all,833,2.438403,0
all,834,3.100521,0
all,835,3.047707,0
all,836,2.906538,0
all,837,2.862335,0
all,838,2.878703,0
all,839,3.083941,0
all,840,2.651405,0
all,841,2.570176,0
all,842,3.143665,0
all,843,2.608744,0
all,844,2.856239,0
all,845,3.121946,0
all,846,3.023156,0
all,847,3.035068,0
all,848,2.624960,0
all,849,2.911162,0
all,850,3.021932,0
all,851,2.975587,0
all,852,2.291450,0
all,853,2.429557,0
all,854,2.727355,0
all,855,2.159516,0
all,856,2.701910,0
all,857,2.704331,0
all,858,2.438389,0
all,859,2.478533,0
all,860,2.519797,0
all,861,2.414335,0
all,862,2.049603,0
all,863,2.527858,0
all,864,2.543985,0
all,865,2.607077,0
all,866,2.880326,0
all,867,3.025503,0
all,868,2.643990,0
all,869,2.545166,0
all,870,2.672816,0
all,871,2.301861,0
all,872,2.544075,0
all,873,2.213448,0
all,874,2.238154,0
all,875,2.553566,0
all,876,2.341578,0
all,877,2.699589,0
all,878,2.785160,0
all,879,2.197123,0
all,880,2.461617,0
all,881,2.063308,0
all,882,2.123343,0
all,883,2.239829,0
all,884,2.258724,0
all,885,2.355182,0
all,886,2.303824,0
all,887,2.122133,0
all,888,2.319025,0
all,889,2.126523,0
all,890,2.187677,0
all,891,2.264431,0
all,892,2.389606,0
all,893,2.077060,0
all,894,2.313192,0
all,895,2.308741,0
all,896,2.309222,0
all,897,2.262231,0
all,898,2.042963,0
all,899,2.039869,0
all,900,2.503012,0
all,901,2.369969,0
all,902,2.229561,0
all,903,2.144404,0
all,904,2.341993,0
all,905,2.392529,0
all,906,2.717348,0
all,907,2.755404,0
all,908,3.210745,0
all,909,2.579498,0
all,910,2.280430,0
all,911,2.422984,0
all,912,2.339568,0
all,913,2.208895,0
all,914,2.117700,0
all,915,2.663852,0
all,916,2.443828,0
all,917,2.615228,0
all,918,2.656171,0
all,919,2.813779,0
all,920,2.609401,0
all,921,2.462983,0
all,922,2.804475,0
all,923,2.701662,0
all,924,2.772227,0
all,925,2.679493,0
all,926,2.862121,0
all,927,2.609392,0
all,928,2.408006,0
all,929,2.408260,0
all,930,2.227536,0
all,931,2.430826,0
all,932,2.225715,0
all,933,2.190898,0
all,934,2.838095,0
all,935,2.511431,0
all,936,2.366883,0
all,937,2.457250,0
all,938,2.548325,0
all,939,2.239646,0
all,940,2.547722,0
all,941,2.132844,0
all,942,2.373976,0
all,943,2.683285,0
all,944,2.552119,0
all,945,2.667490,0
all,946,2.440309,0
all,947,2.496631,0
all,948,2.318604,0
all,949,2.344579,0
all,950,2.366884,0
all,951,2.373550,0
all,952,2.154952,0
all,953,2.075975,0
all,954,2.429765,0
all,955,2.487937,0
all,956,2.490000,0
all,957,2.480793,0
all,958,2.847521,0
all,959,2.378135,0
all,960,2.556470,0
all,961,2.444428,0
all,962,2.518611,0
all,963,2.734998,0
all,964,2.835498,0
all,965,2.489980,0
all,966,2.501127,0
all,967,2.822043,0
all,968,2.689471,0
all,969,2.657532,0
all,970,2.786077,0
all,971,2.767151,0
all,972,2.481275,0
all,973,2.536159,0
all,974,2.858820,0
all,975,2.905367,0
all,976,2.758485,0
all,977,2.448213,0
all,978,2.571643,0
all,979,2.838286,0
all,980,2.456174,0
all,981,2.676361,0
all,982,2.772877,0
all,983,2.691172,0
all,984,2.645973,0
all,985,2.055647,0
all,986,2.003016,0
all,987,2.242360,0
all,988,2.040502,0
all,989,2.673077,0
all,990,2.945506,0
all,991,2.884502,0
all,992,2.519237,0
all,993,2.224436,0
all,994,2.795068,0
all,995,2.743453,0
all,996,2.722794,0
all,997,2.404810,0
all,998,2.598070,0
all,999,2.615608,0
all,1000,2.516203,0
all,1001,2.538376,0
all,1002,2.186507,0
all,1003,2.380462,0
all,1004,2.729879,0
all,1005,2.615534,0
all,1006,2.122121,0
all,1007,2.247759,0
all,1008,2.100624,0
all,1009,2.127126,0
all,1010,2.476822,0
all,1011,2.455120,0
all,1012,2.881443,0
all,1013,2.669284,0
all,1014,2.807527,0
all,1015,3.037809,0
all,1016,2.392624,0
all,1017,3.522150,0
all,1018,2.880872,0
all,1019,3.138157,0
all,1020,3.170301,0
all,1021,3.446558,0
all,1022,3.364681,0
all,1023,2.947839,0
all,1024,2.870195,0
all,1025,2.772972,0
all,1026,2.804748,0
all,1027,2.833161,0
all,1028,2.887414,0
all,1029,2.963191,0
all,1030,2.352043,0
all,1031,2.644845,0
all,1032,2.853162,0
all,1033,2.410052,0
all,1034,2.465356,0
all,1035,2.761168,0
all,1036,2.726182,0
all,1037,2.692068,0
all,1038,2.506948,0
all,1039,2.583671,0
all,1040,2.709675,0
all,1041,2.626688,0
all,1042,2.808469,0
all,1043,3.165689,0
all,1044,2.490749,0
all,1045,2.637810,0
all,1046,2.470420,0
all,1047,2.769557,0
all,1048,2.904811,0
all,1049,2.511114,0
all,1050,2.549178,0
all,1051,2.680874,0
all,1052,2.821506,0
all,1053,2.723924,0
all,1054,2.705901,0
all,1055,2.753991,0
all,1056,2.852609,0
all,1057,2.800512,0
all,1058,3.125773,0
all,1059,2.841569,0
all,1060,2.868649,0
all,1061,2.651462,0
all,1062,3.070647,0
all,1063,2.891084,0
all,1064,2.642908,0
all,1065,3.107046,0
all,1066,2.505677,0
all,1067,2.985482,0
all,1068,2.663380,0
all,1069,2.516055,0
all,1070,2.547729,0
all,1071,2.621704,0
all,1072,2.535233,0
all,1073,2.880666,0
all,1074,2.567021,0
all,1075,2.385863,0
all,1076,2.437916,0
all,1077,2.463886,0
all,1078,2.546881,0
all,1079,2.638933,0
all,1080,2.709873,0
all,1081,2.704697,0
all,1082,2.927550,0
all,1083,2.766469,0
all,1084,2.707186,0
all,1085,2.702491,0
all,1086,2.686538,0
all,1087,2.601967,0
all,1088,2.828908,0
all,1089,2.992807,0
all,1090,2.561586,0
all,1091,2.679698,0
all,1092,2.926088,0
all,1093,2.351725,0
all,1094,2.626348,0
all,1095,2.315857,0
all,1096,2.679854,0
all,1097,2.704625,0
all,1098,2.356503,0
all,1099,2.825198,0
all,1100,2.987163,0
all,1101,2.766510,0
all,1102,2.340872,0
all,1103,2.665070,0
all,1104,2.357112,0
all,1105,2.886491,0
all,1106,2.751982,0
all,1107,2.624543,0
all,1108,2.768753,0
all,1109,2.666369,0
all,1110,3.108862,0
all,1111,2.677061,0
all,1112,2.798321,0
all,1113,2.779022,0
all,1114,2.760304,0
all,1115,2.821934,0
all,1116,2.685776,0
all,1117,2.790346,0
all,1118,2.535158,0
all,1119,2.447316,0
all,1120,2.540453,0
all,1121,2.702582,0
all,1122,2.217256,0
all,1123,2.187158,0
all,1124,2.621060,0
all,1125,2.533650,0
all,1126,2.467677,0
all,1127,2.615595,0
all,1128,2.468999,0
all,1129,2.943791,0
all,1130,2.601791,0
all,1131,2.222105,0
all,1132,2.378922,0
all,1133,2.600243,0
all,1134,2.952592,0
all,1135,2.367890,0
all,1136,2.518538,0
all,1137,2.440813,0
all,1138,2.465640,0
all,1139,2.468314,0
all,1140,2.115263,0
all,1141,2.718064,0
all,1142,2.610716,0
all,1143,2.611488,0
all,1144,2.338813,0
all,1145,2.355440,0
all,1146,2.515949,0
all,1147,2.518480,0
all,1148,2.847848,0
all,1149,2.637788,0
all,1150,2.952176,0
all,1151,2.543192,0
all,1152,2.132410,0
all,1153,2.473426,0
all,1154,2.326324,0
all,1155,2.339562,0
all,1156,2.699780,0
all,1157,2.089811,0
all,1158,2.309879,0
all,1159,2.154711,0
all,1160,2.431539,0
all,1161,2.253187,0
all,1162,2.105412,0
all,1163,2.393013,0
all,1164,2.165443,0
all,1165,2.111210,0
all,1166,2.215574,0
all,1167,2.375429,0
all,1168,2.465284,0
all,1169,2.589337,0
all,1170,2.686671,0
all,1171,2.403980,0
all,1172,2.302452,0
all,1173,2.859864,0
all,1174,2.473183,0
all,1175,2.255152,0
all,1176,2.208418,0
all,1177,2.643247,0
all,1178,2.273302,0
all,1179,2.767560,0
all,1180,2.744283,0
all,1181,2.854751,0
all,1182,2.293106,0
all,1183,2.212140,0
all,1184,2.591777,0
all,1185,2.359138,0
all,1186,2.465555,0
all,1187,2.716278,0
all,1188,2.546737,0
all,1189,2.416631,0
all,1190,2.311454,0
all,1191,2.324589,0
all,1192,2.363224,0
all,1193,2.253149,0
all,1194,2.256381,0
all,1195,2.164002,0
all,1196,2.471293,0
all,1197,2.748371,0
all,1198,2.752646,0
all,1199,2.729713,0
all,1200,2.200562,0
all,1201,2.620493,0
all,1202,2.276271,0
all,1203,2.990745,0
all,1204,2.549424,0
all,1205,2.124896,0
all,1206,2.374206,0
all,1207,2.192141,0
all,1208,2.356338,0
all,1209,2.487183,0
all,1210,2.279145,0
all,1211,2.802200,0
all,1212,2.580443,0
all,1213,2.914079,0
all,1214,2.562277,0
all,1215,2.332132,0
all,1216,2.393230,0
all,1217,2.814438,0
all,1218,2.141956,0
all,1219,2.158595,0
all,1220,2.426441,0
all,1221,2.668538,0
all,1222,2.480711,0
all,1223,2.614192,0
all,1224,2.668672,0
all,1225,2.582832,0
all,1226,2.859096,0
all,1227,2.838343,0
all,1228,2.446070,0
all,1229,2.661162,0
all,1230,2.575689,0
all,1231,2.418730,0
all,1232,2.599062,0
all,1233,2.604351,0
all,1234,2.801275,0
all,1235,2.841557,0
all,1236,2.794290,0
all,1237,2.627042,0
all,1238,2.862396,0
all,1239,2.373559,0
all,1240,2.289098,0
all,1241,2.565505,0
all,1242,2.406135,0
all,1243,2.791599,0
all,1244,3.334904,0
all,1245,2.669003,0
all,1246,2.570649,0
all,1247,2.408536,0
all,1248,2.156943,0
all,1249,2.374032,0
all,1250,2.546419,0
all,1251,2.455178,0
all,1252,2.540992,0
all,1253,2.343164,0
all,1254,2.431158,0
all,1255,2.615501,0
all,1256,2.947995,0
all,1257,3.005572,0
all,1258,2.634599,0
all,1259,2.519970,0
all,1260,2.404453,1
all,1261,2.800641,1
all,1262,2.706238,1
all,1263,2.397006,1
all,1264,2.587894,1
all,1265,2.616749,1
all,1266,2.563058,1
all,1267,2.536155,1
all,1268,2.975960,1
all,1269,2.902799,1
all,1270,2.757154,1
all,1271,2.741494,1
all,1272,2.479290,1
all,1273,3.244372,1
all,1274,2.761176,1
all,1275,2.836278,1
all,1276,2.708272,1
all,1277,2.386256,1
all,1278,3.051401,1
all,1279,2.569876,1
all,1280,2.392033,1
all,1281,2.381412,1
all,1282,2.662151,1
all,1283,2.702707,1
all,1284,3.196687,1
all,1285,2.884530,1
all,1286,3.355416,1
all,1287,3.471114,1
all,1288,3.152080,1
all,1289,2.191298,1
all,1290,2.033049,1
all,1291,2.103371,1
all,1292,2.285718,1
all,1293,2.168384,1
all,1294,2.290816,1
all,1295,2.307692,1
all,1296,2.209905,1
all,1297,2.153762,1
all,1298,2.481356,1
all,1299,2.801420,1
all,1300,2.758289,1
all,1301,2.350744,1
all,1302,2.642472,1
all,1303,2.230065,1
all,1304,2.326469,1
all,1305,2.649313,1
all,1306,2.443196,1
all,1307,2.211189,1
all,1308,2.210498,1
all,1309,2.159599,1
all,1310,2.385704,1
all,1311,2.433206,1
all,1312,2.287460,1
all,1313,2.677781,1
all,1314,2.292901,1
all,1315,2.525402,1
all,1316,3.008042,1
all,1317,2.806947,1
all,1318,2.017716,1
all,1319,2.299860,1
all,1320,2.580050,1
all,1321,2.220788,1
all,1322,2.047592,1
all,1323,2.682472,1
all,1324,2.286590,1
all,1325,2.753039,1
all,1326,2.674530,1
all,1327,2.255315,1
all,1328,2.668720,1
all,1329,2.428699,1
all,1330,2.051722,1
all,1331,2.231382,1
all,1332,2.088734,1
all,1333,2.523470,1
all,1334,2.268203,1
all,1335,2.288378,1
all,1336,2.179696,1
all,1337,2.150007,1
all,1338,2.338572,1
all,1339,2.219244,1
all,1340,2.569703,1
all,1341,2.710191,1
all,1342,2.741140,1
all,1343,2.556502,1
all,1344,2.666138,1
all,1345,2.162987,1
all,1346,2.362136,1
all,1347,2.297873,1
all,1348,2.871993,1
all,1349,2.535801,1
all,1350,2.444980,1
all,1351,2.016098,1
all,1352,2.822858,1
all,1353,2.478476,1
all,1354,2.442106,1
all,1355,2.102958,1
all,1356,2.734117,1
all,1357,2.562060,1
all,1358,2.078842,1
all,1359,2.733693,1
all,1360,2.889708,1
all,1361,2.985037,1
all,1362,2.035595,1
all,1363,2.285599,1
all,1364,3.295354,1
all,1365,2.607427,1
all,1366,2.564558,1
all,1367,2.685454,1
all,1368,2.616121,1
all,1369,2.857993,1
all,1370,2.085450,1
all,1371,2.145541,1
all,1372,2.818957,1
all,1373,2.641552,1
all,1374,2.295191,1
all,1375,2.801692,1
all,1376,2.685522,1
all,1377,2.095770,1
all,1378,2.370453,1
all,1379,2.416417,1
all,1380,2.162519,0
all,1381,2.099505,0
all,1382,2.736725,0
all,1383,2.533718,0
all,1384,3.508973,0
all,1385,2.573822,0
all,1386,2.097809,0
all,1387,2.756493,0
all,1388,2.856292,0
all,1389,3.049832,0
all,1390,2.898408,0
all,1391,2.688610,0
all,1392,2.104905,0
all,1393,2.535302,0
all,1394,2.768323,0
all,1395,2.320869,0
all,1396,2.090462,0
all,1397,2.517094,0
all,1398,3.110435,0
all,1399,3.187780,0
all,1400,2.792424,0
all,1401,2.616058,0
all,1402,2.746373,0
all,1403,2.048682,0
all,1404,3.025022,0
all,1405,2.380998,0
all,1406,2.504032,0
all,1407,2.437149,0
all,1408,3.010507,0
all,1409,2.438440,0
all,1410,2.589216,0
all,1411,2.793287,0
all,1412,2.536375,0
all,1413,2.433910,0
all,1414,2.071921,0
all,1415,2.743916,0
all,1416,2.487630,0
all,1417,2.574622,0
all,1418,2.983044,0
all,1419,2.545274,0
all,1420,2.327248,0
all,1421,2.342878,0
all,1422,2.301205,0
all,1423,2.788418,0
all,1424,2.647409,0
all,1425,2.583771,0
all,1426,2.328752,0
all,1427,2.364866,0
all,1428,3.184213,0
all,1429,2.944242,0
all,1430,2.483341,0
all,1431,2.416290,0
all,1432,2.297659,0
all,1433,2.153257,0
all,1434,2.533842,0
all,1435,3.021236,0
all,1436,3.001370,0
all,1437,2.697966,0
all,1438,1.999998,0
all,1439,1.999984,0
all,1440,0.000000,0
all,1441,0.000000,0
all,1442,0.000000,0
all,1443,0.000000,0
all,1444,0.000000,0
all,1445,0.000000,0
all,1446,0.000000,0
all,1447,0.000000,0
all,1448,0.000000,0
all,1449,0.000000,0
all,1450,0.000000,0
all,1451,0.000000,0
all,1452,0.000000,0
all,1453,2.256739,0
all,1454,2.701138,0
all,1455,2.516191,0
all,1456,2.245168,0
all,1457,2.338944,0
all,1458,2.213760,0
all,1459,2.267193,0
all,1460,2.767950,0
all,1461,2.390136,0
all,1462,2.352781,0
all,1463,2.544397,0
all,1464,2.618628,0
all,1465,2.974142,0
all,1466,2.471735,0
all,1467,2.381418,0
all,1468,2.175788,0
all,1469,2.942636,0
all,1470,2.384713,0
all,1471,3.457217,0
all,1472,2.469285,0
all,1473,3.223732,0
all,1474,2.739592,0
all,1475,2.430965,0
all,1476,2.497092,0
all,1477,2.361393,0
all,1478,2.644985,0
all,1479,2.344937,0
all,1480,2.418434,0
all,1481,2.459049,0
all,1482,3.001637,0
all,1483,2.424347,0
all,1484,2.627835,0
all,1485,2.598076,0
all,1486,2.307715,0
all,1487,2.508322,0
all,1488,2.721880,0
all,1489,2.299888,0
all,1490,2.545862,0
all,1491,2.582923,0
all,1492,2.167564,0
all,1493,2.357938,0
all,1494,2.873131,0
all,1495,2.695899,0
all,1496,2.779877,0
all,1497,2.314211,0
all,1498,2.630211,0
all,1499,2.547659,0
all,1500,2.818201,0
all,1501,2.236574,0
all,1502,2.526660,0
all,1503,2.726443,0
all,1504,2.478650,0
all,1505,2.430610,0
all,1506,2.791475,0
all,1507,2.780305,0
all,1508,2.742377,0
all,1509,2.204779,0
all,1510,2.503708,0
all,1511,2.302578,0
all,1512,2.707039,0
all,1513,2.694483,0
all,1514,2.751110,0
all,1515,2.300706,0
all,1516,2.218596,0
all,1517,2.174193,0
all,1518,2.179103,0
all,1519,2.222357,0
all,1520,2.199134,0
all,1521,2.330687,0
all,1522,2.124429,0
all,1523,2.167969,0
all,1524,2.326782,0
all,1525,2.259304,0
all,1526,2.345051,0
all,1527,2.242293,0
all,1528,2.355195,0
all,1529,2.525003,0
all,1530,2.591462,0
all,1531,2.422209,0
all,1532,2.176391,0
all,1533,2.218673,0
all,1534,2.397412,0
all,1535,2.820931,0
all,1536,2.553142,0
all,1537,2.543888,0
all,1538,2.711231,0
all,1539,2.721482,0
all,1540,2.313138,0
all,1541,2.448752,0
all,1542,2.365109,0
all,1543,2.238142,0
all,1544,2.433603,0
all,1545,2.281322,0
all,1546,3.110187,0
all,1547,2.770049,0
all,1548,2.331285,0
all,1549,2.919147,0
all,1550,2.533095,0
all,1551,2.247779,0
all,1552,2.671201,0
all,1553,2.572180,0
all,1554,2.992971,0
all,1555,2.443353,0
all,1556,2.469460,0
all,1557,2.534446,0
all,1558,2.449347,0
all,1559,2.484190,0
all,1560,2.519332,0
all,1561,2.562897,0
all,1562,2.695498,0
all,1563,2.209381,0
all,1564,2.620947,0
all,1565,2.509250,0
all,1566,3.503646,0
all,1567,2.819782,0
all,1568,2.390961,0
all,1569,2.255375,0
all,1570,2.344352,0
all,1571,2.556574,0
all,1572,2.041625,0
all,1573,2.661267,0
all,1574,2.405726,0
all,1575,2.531815,0
all,1576,2.525264,0
all,1577,2.296420,0
all,1578,2.155180,0
all,1579,2.591343,0
all,1580,2.484416,0
all,1581,2.656895,0
all,1582,2.776634,0
all,1583,2.659465,0
all,1584,2.420213,0
all,1585,2.552440,0
all,1586,2.571018,0
all,1587,2.350289,0
all,1588,2.738693,0
all,1589,2.738111,0
all,1590,2.422418,0
all,1591,2.452236,0
all,1592,2.706008,0
all,1593,2.317394,0
all,1594,2.539975,0
all,1595,2.649301,0
all,1596,2.683588,0
all,1597,2.178530,0
all,1598,2.351338,0
all,1599,2.145070,0
all,1600,2.071477,0
all,1601,2.135099,0
all,1602,2.130610,0
all,1603,2.032324,0
all,1604,2.026520,0
all,1605,2.631742,0
all,1606,2.307959,0
all,1607,2.364194,0
all,1608,2.546523,0
all,1609,2.402559,0
all,1610,2.832434,0
all,1611,2.659400,0
all,1612,2.346977,0
all,1613,2.289719,0
all,1614,2.930098,0
all,1615,2.329471,0
all,1616,2.450088,0
all,1617,2.158868,0
all,1618,2.032636,0
all,1619,2.243975,0
all,1620,2.392819,0
all,1621,2.864813,0
all,1622,2.383353,0
all,1623,3.000000,0
all,1624,2.162533,0
all,1625,2.092191,0
all,1626,2.119619,0
all,1627,2.078331,0
all,1628,2.308817,0
all,1629,3.000000,0
all,1630,3.000000,0
all,1631,2.179052,0
all,1632,2.130343,0
all,1633,2.116191,0
all,1634,2.839823,0
all,1635,2.517188,0
all,1636,3.000000,0
all,1637,2.473849,0
all,1638,2.000429,0
all,1639,3.000000,0
all,1640,2.228375,0
all,1641,2.001090,0
all,1642,3.000000,0
all,1643,3.000000,0
all,1644,2.378477,0
all,1645,2.065106,0
all,1646,2.071381,0
all,1647,2.055735,0
all,1648,2.554482,0
all,1649,2.896633,0
all,1650,2.802879,0
all,1651,2.254376,0
all,1652,2.052917,0
all,1653,2.108941,0
all,1654,2.022891,0
all,1655,2.479146,0
all,1656,2.231025,0
all,1657,2.261937,0
all,1658,2.386872,0
all,1659,2.505251,0
all,1660,2.180870,0
all,1661,2.146795,0
all,1662,2.599723,0
all,1663,2.407900,0
all,1664,2.305357,0
all,1665,2.462093,0
all,1666,3.006763,0
all,1667,2.519264,0
all,1668,2.537344,0
all,1669,2.522471,0
all,1670,2.441644,0
all,1671,2.564013,0
all,1672,2.797060,0
all,1673,2.486769,0
all,1674,2.407696,0
all,1675,2.675559,0
all,1676,2.274061,0
all,1677,2.619318,0
all,1678,2.318582,0
all,1679,2.263147,0
all,1680,2.405290,0
all,1681,2.895410,0
all,1682,2.806926,0
all,1683,2.407117,0
all,1684,2.806129,0
all,1685,2.530830,0
all,1686,2.293076,0
all,1687,2.544037,0
all,1688,2.851441,0
all,1689,2.529640,0
all,1690,2.447679,0
all,1691,2.221783,0
all,1692,2.554893,0
all,1693,2.342949,0
all,1694,2.408661,0
all,1695,2.330927,0
all,1696,2.344764,0
all,1697,2.431460,0
all,1698,2.175642,0
all,1699,2.037879,0
all,1700,2.298115,0
all,1701,2.689936,0
all,1702,2.685178,0
all,1703,2.726376,0
all,1704,2.863097,0
all,1705,2.243804,0
all,1706,2.028667,0
all,1707,2.104874,0
all,1708,2.503201,0
all,1709,2.677364,0
all,1710,2.231280,0
all,1711,2.424119,0
all,1712,2.900157,0
all,1713,2.485805,0
all,1714,2.409734,0
all,1715,2.389642,0
all,1716,2.838449,0
all,1717,2.657783,0
all,1718,2.262099,0
all,1719,2.718764,0
all,1720,2.670541,0
all,1721,2.792953,0
all,1722,2.194131,0
all,1723,2.387801,0
all,1724,2.976714,0
all,1725,3.000000,0
all,1726,2.256253,0
all,1727,2.461950,0
all,1728,2.138695,0
all,1729,2.388558,0
all,1730,2.412848,0
all,1731,2.656416,0
all,1732,2.245699,0
all,1733,2.550282,0
all,1734,2.303490,0
all,1735,2.266147,0
all,1736,2.369779,0
all,1737,2.926552,0
all,1738,2.292017,0
all,1739,2.137582,0
all,1740,2.711161,1
all,1741,2.894742,1
all,1742,3.043102,1
all,1743,2.814851,1
all,1744,3.241279,1
all,1745,2.520334,1
all,1746,2.603901,1
all,1747,2.611389,1
all,1748,2.833381,1
all,1749,2.715183,1
all,1750,2.923489,1
all,1751,3.194744,1
all,1752,2.884842,1
all,1753,2.898820,1
all,1754,2.436031,1
all,1755,2.920680,1
all,1756,2.375425,1
all,1757,2.351602,1
all,1758,2.348980,1
all,1759,2.415660,1
all,1760,2.617730,1
all,1761,2.496937,1
all,1762,2.690084,1
all,1763,2.736233,1
all,1764,2.690921,1
all,1765,2.509602,1
all,1766,2.456592,1
all,1767,2.457825,1
all,1768,2.481783,1
all,1769,3.157218,1
all,1770,2.541582,1
all,1771,2.415473,1
all,1772,2.651255,1
all,1773,2.753726,1
all,1774,2.157424,1
all,1775,2.605742,1
all,1776,2.468010,1
all,1777,2.615332,1
all,1778,2.794188,1
all,1779,2.949774,1
all,1780,2.439675,1
all,1781,2.263345,1
all,1782,2.346746,1
all,1783,2.722466,1
all,1784,2.775548,1
all,1785,2.274300,1
all,1786,2.480035,1
all,1787,2.666383,1
all,1788,2.746696,1
all,1789,2.418579,1
all,1790,2.626753,1
all,1791,2.472262,1
all,1792,2.286120,1
all,1793,2.800979,1
all,1794,2.353551,1
all,1795,2.569575,1
all,1796,2.483342,1
all,1797,2.690283,1
all,1798,2.503622,1
all,1799,2.483841,1
all,1800,2.407652,1
all,1801,2.430619,1
all,1802,2.175398,1
all,1803,2.279165,1
all,1804,2.795066,1
all,1805,2.244713,1
all,1806,3.110139,1
all,1807,3.419219,1
all,1808,2.887106,1
all,1809,2.371442,1
all,1810,2.485374,1
all,1811,2.714966,1
all,1812,2.174717,1
all,1813,3.069432,1
all,1814,2.212387,1
all,1815,2.561760,1
all,1816,3.122070,1
all,1817,2.286021,1
all,1818,2.141283,1
all,1819,2.834839,1
all,1820,2.862742,1
all,1821,3.037673,1
all,1822,3.049020,1
all,1823,3.133579,1
all,1824,2.700582,1
all,1825,2.733385,1
all,1826,2.349110,1
all,1827,3.010434,1
all,1828,2.755401,1
all,1829,3.233985,1
all,1830,2.724890,1
all,1831,2.427767,1
all,1832,2.802693,1
all,1833,2.729014,1
all,1834,2.858562,1
all,1835,2.877554,1
all,1836,2.617676,1
all,1837,2.272748,1
all,1838,2.538985,1
all,1839,2.874482,1
all,1840,3.019706,1
all,1841,2.496504,1
all,1842,2.543391,1
all,1843,2.860597,1
all,1844,3.059716,1
all,1845,2.407308,1
all,1846,2.721902,1
all,1847,2.749441,1
all,1848,2.404254,1
all,1849,2.459235,1
all,1850,3.457236,1
all,1851,3.061844,1
all,1852,2.452973,1
all,1853,3.017432,1
all,1854,2.308593,1
all,1855,2.472398,1
all,1856,2.545563,1
all,1857,2.939690,1
all,1858,2.570260,1
all,1859,2.927121,1
all,1860,2.938258,0
all,1861,2.662580,0
all,1862,3.011749,0
all,1863,2.583947,0
all,1864,2.889134,0
all,1865,2.572502,0
all,1866,2.667731,0
all,1867,2.946143,0
all,1868,3.368804,0
all,1869,3.211445,0
all,1870,2.897811,0
all,1871,3.143214,0
all,1872,2.919855,0
all,1873,2.815610,0
all,1874,3.051030,0
all,1875,2.999999,0
all,1876,2.999999,0
all,1877,2.652505,0
all,1878,3.193678,0
all,1879,2.736593,0
all,1880,2.718921,0
all,1881,2.999999,0
all,1882,3.000000,0
all,1883,2.999999,0
all,1884,2.513270,0
all,1885,2.999999,0
all,1886,2.999999,0
all,1887,2.999998,0
all,1888,2.999999,0
all,1889,3.000000,0
all,1890,2.999999,0
all,1891,2.999999,0
all,1892,1.999994,0
all,1893,2.999999,0
all,1894,2.999999,0
all,1895,2.999999,0
all,1896,2.999999,0
all,1897,2.999998,0
all,1898,2.999999,0
all,1899,2.999999,0
all,1900,3.000000,0
all,1901,2.999999,0
all,1902,1.999998,0
all,1903,2.999999,0
all,1904,3.000000,0
all,1905,2.999999,0
all,1906,3.000000,0
all,1907,2.999999,0
all,1908,1.999997,0
all,1909,1.999997,0
all,1910,0.000000,0
all,1911,2.999999,0
all,1912,2.999999,0
all,1913,2.999999,0
all,1914,2.999999,0
all,1915,2.999999,0
all,1916,2.999999,0
all,1917,3.000000,0
all,1918,2.999999,0
all,1919,1.999996,0
all,1920,1.999997,0
all,1921,2.999999,0
all,1922,0.000000,0
all,1923,0.000000,0
all,1924,2.999999,0
all,1925,2.999999,0
all,1926,3.014331,0
all,1927,2.999999,0
all,1928,2.999999,0
all,1929,2.999999,0
all,1930,2.999999,0
all,1931,2.999999,0
all,1932,2.999999,0
all,1933,0.000000,0
all,1934,0.000000,0
all,1935,1.999997,0
all,1936,1.999997,0
all,1937,2.999999,0
all,1938,1.999998,0
all,1939,1.999991,0
all,1940,1.999996,0
all,1941,0.000000,0
all,1942,0.000000,0
all,1943,0.000000,0
all,1944,0.000000,0
all,1945,0.000000,0
all,1946,2.999999,0
all,1947,2.999999,0
all,1948,2.999999,0
all,1949,2.999999,0
all,1950,2.999999,0
all,1951,2.999999,0
all,1952,3.000000,0
all,1953,3.135054,0
all,1954,3.000000,0
all,1955,3.000000,0
all,1956,2.999999,0
all,1957,2.999999,0
all,1958,2.999999,0
all,1959,2.999999,0
all,1960,2.999999,0
all,1961,3.000000,0
all,1962,2.999999,0
all,1963,2.999999,0
all,1964,2.999999,0
all,1965,3.000000,0
all,1966,3.353604,0
all,1967,3.383992,0
all,1968,3.321890,0
all,1969,3.003094,0
all,1970,3.044372,0
all,1971,3.050860,0
all,1972,3.000000,0
all,1973,3.012995,0
all,1974,3.008218,0
all,1975,3.009638,0
all,1976,3.266977,0
all,1977,2.999999,0
all,1978,2.999999,0
all,1979,2.999999,0
all,1980,2.999999,0
all,1981,2.999999,0
all,1982,2.999998,0
all,1983,2.999999,0
all,1984,2.999999,0
all,1985,2.999999,0
all,1986,3.000000,0
all,1987,3.000000,0
all,1988,2.999999,0
all,1989,2.999999,0
all,1990,2.999999,0
all,1991,2.999999,0
all,1992,2.999999,0
all,1993,2.999998,0
all,1994,2.999999,0
all,1995,3.000000,0
all,1996,3.000000,0
all,1997,2.999999,0
all,1998,0.000000,0
all,1999,0.000000,0
all,2000,2.999999,0
all,2001,2.999999,0
all,2002,2.411670,0
all,2003,2.702820,0
all,2004,2.865868,0
all,2005,2.902282,0
all,2006,2.608258,0
all,2007,2.762484,0
all,2008,2.813708,0
all,2009,2.623184,0
all,2010,3.100287,0
all,2011,2.574041,0
all,2012,2.695204,0
all,2013,2.523144,0
all,2014,2.822489,0
all,2015,2.559271,0
all,2016,3.027476,0
all,2017,2.369296,0
all,2018,2.760531,0
all,2019,2.653977,0
all,2020,2.609478,0
all,2021,2.415771,0
all,2022,2.436041,0
all,2023,2.489144,0
all,2024,2.723978,0
all,2025,2.740258,0
all,2026,2.468532,0
all,2027,2.578963,0
all,2028,2.787704,0
all,2029,2.878833,0
all,2030,2.514852,0
all,2031,2.632257,0
all,2032,2.305533,0
all,2033,2.655904,0
all,2034,2.767101,0
all,2035,2.478792,0
all,2036,2.159440,0
all,2037,2.570070,0
all,2038,2.398674,0
all,2039,2.174267,0
all,2040,2.359719,0
all,2041,2.220411,0
all,2042,2.258327,0
all,2043,2.219291,0
all,2044,2.105311,0
all,2045,2.583383,0
all,2046,2.283612,0
all,2047,2.279556,0
all,2048,2.313465,0
all,2049,2.441427,0
all,2050,2.215430,0
all,2051,2.414557,0
all,2052,2.474914,0
all,2053,2.599785,0
all,2054,2.267523,0
all,2055,2.270850,0
all,2056,2.251016,0
all,2057,2.693972,0
all,2058,2.422350,0
all,2059,2.246484,0
all,2060,2.448068,0
all,2061,2.664335,0
all,2062,2.252440,0
all,2063,2.826303,0
all,2064,2.556796,0
all,2065,2.342843,0
all,2066,2.582828,0
all,2067,2.100592,0
all,2068,2.279342,0
all,2069,2.080530,0
all,2070,2.208498,0
all,2071,2.672447,0
all,2072,2.184923,0
all,2073,2.470424,0
all,2074,2.425199,0
all,2075,2.561329,0
all,2076,2.252085,0
all,2077,2.289708,0
all,2078,2.332651,0
all,2079,2.265517,0
all,2080,2.701910,0
all,2081,2.198519,0
all,2082,2.529912,0
all,2083,2.099363,0
all,2084,2.190832,0
all,2085,2.449235,0
all,2086,2.289614,0
all,2087,2.398541,0
all,2088,2.578836,0
all,2089,2.589179,0
all,2090,2.903671,0
all,2091,2.228244,0
all,2092,2.351890,0
all,2093,2.677946,0
all,2094,2.926859,0
all,2095,3.237777,0
all,2096,2.459641,0
all,2097,2.361469,0
all,2098,2.540298,0
all,2099,2.766613,0
all,2100,2.437603,0
all,2101,2.595476,0
all,2102,2.731183,0
all,2103,2.314817,0
all,2104,2.192400,0
all,2105,2.205212,0
all,2106,2.145459,0
all,2107,2.533473,0
all,2108,2.416185,0
all,2109,2.263764,0
all,2110,2.600008,0
all,2111,2.190764,0
all,2112,2.809042,0
all,2113,2.324252,0
all,2114,2.274455,0
all,2115,2.226965,0
all,2116,2.360611,0
all,2117,2.354349,0
all,2118,2.384371,0
all,2119,2.493739,0
all,2120,2.639970,0
all,2121,2.399367,0
all,2122,2.958698,0
all,2123,2.436701,0
all,2124,2.530913,0
all,2125,2.764129,0
all,2126,2.284780,0
all,2127,2.865630,0
all,2128,2.614963,0
all,2129,3.445077,0
all,2130,2.879117,0
all,2131,2.785338,0
all,2132,2.530962,0
all,2133,2.527444,0
all,2134,2.318907,0
all,2135,2.468444,0
all,2136,2.341002,0
all,2137,3.501739,0
all,2138,3.235258,0
all,2139,3.034643,0
all,2140,2.822037,0
all,2141,2.735003,0
all,2142,2.870587,0
all,2143,2.580317,0
all,2144,2.701268,0
all,2145,2.773636,0
all,2146,2.782858,0
all,2147,2.832093,0
all,2148,2.554730,0
all,2149,3.112258,0
all,2150,2.411274,0
all,2151,2.392984,0
all,2152,2.561831,0
all,2153,2.682945,0
all,2154,2.403242,0
all,2155,2.906596,0
all,2156,3.279496,0
all,2157,3.070990,0
all,2158,2.405657,0
all,2159,2.849555,0
all,2160,2.736836,0
all,2161,2.385425,0
all,2162,2.283436,0
all,2163,2.442872,0
all,2164,2.876600,0
all,2165,2.746316,0
all,2166,2.791183,0
all,2167,2.440567,0
all,2168,2.801139,0
all,2169,2.856328,0
all,2170,2.638045,0
all,2171,2.908958,0
all,2172,2.770539,0
all,2173,2.192459,0
all,2174,2.304033,0
all,2175,2.269535,0
all,2176,2.574934,0
all,2177,2.753051,0
all,2178,2.846096,0
all,2179,2.984740,0
all,2180,3.042023,0
all,2181,2.950357,0
all,2182,3.177064,0
all,2183,3.027266,0
all,2184,3.048011,0
all,2185,2.811010,0
all,2186,2.675607,0
all,2187,2.871892,0
all,2188,2.324492,0
all,2189,2.798910,0
all,2190,2.316608,0
all,2191,2.439095,0
all,2192,2.172879,0
all,2193,2.355514,0
all,2194,2.113756,0
all,2195,2.746317,0
all,2196,2.342165,0
all,2197,2.528935,0
all,2198,2.401543,0
all,2199,2.277978,0
all,2200,2.152647,0
all,2201,2.079243,0
all,2202,2.100431,0
all,2203,2.285381,0
all,2204,2.380623,0
all,2205,2.511169,0
all,2206,2.495880,0
all,2207,2.342941,0
all,2208,2.292507,0
all,2209,2.538434,0
all,2210,2.381929,0
all,2211,2.702124,0
all,2212,2.514384,0
all,2213,2.341698,0
all,2214,2.400465,0
all,2215,2.173564,0
all,2216,2.310807,0
all,2217,2.462437,0
all,2218,2.317909,0
all,2219,2.654383,0
all,2220,2.708905,0
all,2221,2.940068,0
all,2222,2.538614,0
all,2223,2.580636,0
all,2224,2.959876,0
all,2225,3.000571,0
all,2226,3.317127,0
all,2227,2.963457,0
all,2228,3.183405,0
all,2229,2.752526,0
all,2230,2.362205,0
all,2231,2.798219,0
all,2232,2.713156,0
all,2233,2.439221,0
all,2234,2.493824,0
all,2235,2.725054,0
all,2236,2.922864,0
all,2237,2.328720,0
all,2238,2.444656,0
all,2239,2.141418,0
all,2240,2.765023,0
all,2241,2.001338,0
all,2242,2.480065,0
all,2243,2.523521,0
all,2244,2.537514,0
all,2245,2.835026,0
all,2246,2.508892,0
all,2247,2.721454,0
all,2248,2.899842,0
all,2249,2.691746,0
all,2250,2.887826,0
all,2251,2.463369,0
all,2252,2.721027,0
all,2253,2.609171,0
all,2254,2.670470,0
all,2255,2.617476,0
all,2256,2.502531,0
all,2257,2.289593,0
all,2258,2.316817,0
all,2259,2.498265,0
all,2260,2.363544,0
all,2261,2.951423,0
all,2262,2.475183,0
all,2263,2.528793,0
all,2264,2.879312,0
all,2265,2.332025,0
all,2266,2.361982,0
all,2267,2.517197,0
all,2268,2.057136,0
all,2269,2.319404,0
all,2270,2.401850,0
all,2271,2.489529,0
all,2272,2.758393,0
all,2273,2.172852,0
all,2274,2.097331,0
all,2275,2.611011,0
all,2276,2.075670,0
all,2277,2.274619,0
all,2278,2.254240,0
all,2279,2.658219,0
all,2280,2.276792,0
all,2281,2.727400,0
all,2282,3.114748,0
all,2283,2.668640,0
all,2284,3.122677,0
all,2285,2.482844,0
all,2286,2.346115,0
all,2287,2.281396,0
all,2288,2.784665,0
all,2289,2.287805,0
all,2290,2.415843,0
all,2291,3.045600,0
all,2292,2.791332,0
all,2293,2.927574,0
all,2294,2.395460,0
all,2295,2.398386,0
all,2296,2.699872,0
all,2297,2.902305,0
all,2298,2.939996,0
all,2299,3.043646,0
all,2300,2.611168,0
all,2301,2.731607,0
all,2302,2.752497,0
all,2303,2.826088,0
all,2304,3.092937,0
all,2305,3.061837,0
all,2306,3.230067,0
all,2307,3.377983,0
all,2308,2.995583,0
all,2309,2.758213,0
all,2310,3.284389,0
all,2311,3.191466,0
all,2312,2.711236,0
all,2313,2.842777,0
all,2314,3.246240,0
all,2315,2.876649,0
all,2316,2.673115,0
all,2317,2.793780,0
all,2318,2.588253,0
all,2319,2.974049,0
all,2320,2.944994,0
all,2321,2.650433,0
all,2322,2.211108,0
all,2323,2.254478,0
all,2324,2.511034,0
all,2325,2.585601,0
all,2326,2.765037,0
all,2327,2.697065,0
all,2328,2.762769,0
all,2329,2.453367,0
all,2330,2.407015,0
all,2331,2.406015,0
all,2332,2.606107,0
all,2333,2.559200,0
all,2334,2.386299,0
all,2335,2.853421,0
all,2336,2.407792,0
all,2337,2.381150,0
all,2338,2.527055,0
all,2339,2.338399,0
all,2340,2.248478,0
all,2341,2.251220,0
all,2342,2.836177,0
all,2343,2.522658,0
all,2344,2.462699,0
all,2345,3.555313,0
all,2346,2.829792,0
all,2347,2.666682,0
all,2348,2.643813,0
all,2349,2.414849,0
all,2350,2.892687,0
all,2351,3.183640,0
all,2352,3.012619,0
all,2353,2.508173,0
all,2354,3.174920,0
all,2355,3.152821,0
all,2356,2.879256,0
all,2357,3.124846,0
all,2358,2.387158,0
all,2359,2.484250,0
all,2360,2.082711,0
all,2361,2.400921,0
all,2362,2.926338,0
all,2363,2.650749,0
all,2364,2.854371,0
all,2365,2.584523,0
all,2366,2.533999,0
all,2367,2.321202,0
all,2368,2.719958,0
all,2369,2.676629,0
all,2370,2.896466,0
all,2371,2.734794,0
all,2372,2.536075,0
all,2373,2.224973,0
all,2374,2.245090,0
all,2375,2.604165,0
all,2376,3.200802,0
all,2377,2.337098,0
all,2378,2.661654,0
all,2379,2.499792,0
all,2380,2.900163,0
all,2381,3.154324,0
all,2382,3.246119,0
all,2383,3.059180,0
all,2384,2.501642,0
all,2385,2.651949,0
all,2386,2.632143,0
all,2387,2.406413,0
all,2388,2.728264,0
all,2389,3.037623,0
all,2390,2.619619,0
all,2391,2.426149,0
all,2392,2.425647,0
all,2393,2.133224,0
all,2394,2.746198,0
all,2395,2.674328,0
all,2396,2.659521,0
all,2397,2.693952,0
all,2398,2.770175,0
all,2399,2.941704,0
all,2400,2.698972,0
all,2401,2.592591,0
all,2402,3.212976,0
all,2403,2.600087,0
all,2404,2.691026,0
all,2405,2.415298,0
all,2406,3.326526,0
all,2407,3.172006,0
all,2408,3.349912,0
all,2409,3.025646,0
all,2410,2.581272,0
all,2411,2.775012,0
all,2412,3.057968,0
all,2413,2.615012,0
all,2414,2.683941,0
all,2415,3.052449,0
all,2416,2.588902,0
all,2417,2.450687,0
all,2418,2.287849,0
all,2419,2.503434,0
all,2420,2.929935,0
all,2421,2.747547,0
all,2422,2.233362,0
all,2423,2.164492,0
all,2424,2.483267,0
all,2425,2.194305,0
all,2426,2.172818,0
all,2427,2.271399,0
all,2428,2.453964,0
all,2429,2.402557,0
all,2430,2.362424,0
all,2431,2.687358,0
all,2432,2.638485,0
all,2433,2.513527,0
all,2434,2.687515,0
all,2435,2.709230,0
all,2436,2.458244,0
all,2437,2.468529,0
all,2438,2.731257,0
all,2439,2.431790,0
all,2440,2.646909,0
all,2441,2.747699,0
all,2442,2.421496,0
all,2443,2.317934,0
all,2444,2.727426,0
all,2445,2.719180,0
all,2446,2.898346,0
all,2447,2.626698,0
all,2448,2.834447,0
all,2449,3.021317,0
all,2450,2.480071,0
all,2451,2.451464,0
all,2452,2.555101,0
all,2453,2.785881,0
all,2454,2.937044,0
all,2455,2.858386,0
all,2456,2.716544,0
all,2457,2.474776,0
all,2458,2.843976,0
all,2459,2.676970,0
all,2460,2.567188,0
all,2461,2.456552,0
all,2462,2.482742,0
all,2463,3.054246,0
all,2464,2.945019,0
all,2465,2.967456,0
all,2466,3.477130,0
all,2467,2.529293,0
all,2468,2.609249,0
all,2469,3.171533,0
all,2470,2.902924,0
all,2471,2.562393,0
all,2472,2.456945,0
all,2473,2.383243,0
all,2474,2.538689,0
all,2475,2.211932,0
all,2476,2.274357,0
all,2477,2.321785,0
all,2478,2.777924,0
all,2479,2.472021,0
all,2480,2.498795,0
all,2481,3.121764,0
all,2482,2.559797,0
all,2483,2.645784,0
all,2484,2.985011,0
all,2485,2.984251,0
all,2486,2.786876,0
all,2487,2.860209,0
all,2488,2.646957,0
all,2489,3.066721,0
all,2490,2.847346,0
all,2491,2.771121,0
all,2492,2.692757,0
all,2493,2.637357,0
all,2494,2.611188,0
all,2495,2.437049,0
all,2496,2.951154,0
all,2497,2.937556,0
all,2498,2.680260,0
all,2499,2.849149,0
all,2500,3.019269,0
all,2501,2.937874,0
all,2502,2.940045,0
all,2503,3.019733,0
all,2504,2.932937,0
all,2505,2.989764,0
all,2506,2.827973,0
all,2507,2.993041,0
all,2508,2.732031,0
all,2509,2.758241,0
all,2510,2.821286,0
all,2511,2.452086,0
all,2512,2.663867,0
all,2513,2.637921,0
all,2514,2.353689,0
all,2515,2.228908,0
all,2516,2.314869,0
all,2517,2.442099,0
all,2518,2.585022,0
all,2519,2.552681,0
all,2520,2.574169,0
all,2521,2.337853,0
all,2522,2.901293,0
all,2523,2.430175,0
all,2524,2.749869,0
all,2525,2.722483,0
all,2526,2.987733,0
all,2527,3.200200,0
all,2528,3.108942,0
all,2529,2.982785,0
all,2530,2.876203,0
all,2531,3.013302,0
all,2532,3.206927,0
all,2533,2.989690,0
all,2534,3.033112,0
all,2535,3.177965,0
all,2536,2.891152,0
all,2537,3.155136,0
all,2538,3.044239,0
all,2539,2.466087,0
all,2540,2.633761,0
all,2541,2.558657,0
all,2542,2.771687,0
all,2543,2.709808,0
all,2544,2.492481,0
all,2545,2.418881,0
all,2546,2.784416,0
all,2547,2.753259,0
all,2548,2.580787,0
all,2549,2.465099,0
all,2550,2.401086,1
all,2551,2.639472,1
all,2552,2.244242,1
all,2553,2.599324,1
all,2554,2.410025,1
all,2555,2.397286,1
all,2556,2.433179,1
all,2557,2.300368,1
all,2558,2.298027,1
all,2559,2.144126,1
all,2560,2.175822,1
all,2561,2.212196,1
all,2562,2.240618,1
all,2563,2.179894,1
all,2564,2.161984,1
all,2565,2.165835,1
all,2566,2.384875,1
all,2567,2.578409,1
all,2568,2.401170,1
all,2569,2.265096,1
all,2570,2.535838,1
all,2571,2.101536,1
all,2572,2.396648,1
all,2573,2.484660,1
all,2574,2.123839,1
all,2575,2.749400,1
all,2576,2.372402,1
all,2577,2.637695,1
all,2578,2.605816,1
all,2579,2.183705,1
all,2580,2.541659,1
all,2581,3.147425,1
all,2582,2.794710,1
all,2583,2.915104,1
all,2584,2.112628,1
all,2585,2.345669,1
all,2586,2.257794,1
all,2587,2.659711,1
all,2588,2.096241,1
all,2589,2.128026,1
all,2590,2.218241,1
all,2591,2.105694,1
all,2592,2.158184,1
all,2593,2.423317,1
all,2594,2.310673,1
all,2595,2.407638,1
all,2596,2.499843,1
all,2597,2.713812,1
all,2598,2.290041,1
all,2599,2.228865,1
all,2600,2.480572,1
all,2601,2.732981,1
all,2602,2.517860,1
all,2603,2.340977,1
all,2604,2.413787,1
all,2605,2.391273,1
all,2606,2.542100,1
all,2607,2.723354,1
all,2608,2.990654,1
all,2609,2.739187,1
all,2610,2.482610,1
all,2611,2.382293,1
all,2612,2.326372,1
all,2613,2.189026,1
all,2614,3.370052,1
all,2615,2.180973,1
all,2616,2.939779,1
all,2617,2.232668,1
all,2618,2.607684,1
all,2619,2.687981,1
all,2620,2.755756,1
all,2621,2.563675,1
all,2622,2.114890,1
all,2623,2.593704,1
all,2624,2.854915,1
all,2625,2.464880,1
all,2626,2.478831,1
all,2627,2.989023,1
all,2628,2.411004,1
all,2629,2.145372,1
all,2630,2.387183,1
all,2631,2.340331,1
all,2632,2.762527,1
all,2633,2.494054,1
all,2634,2.290172,1
all,2635,2.948813,1
all,2636,2.101675,1
all,2637,2.490668,1
all,2638,2.348251,1
all,2639,2.469582,1
all,2640,3.004830,0
